Date,State,Cases_Total,Cases_White,Cases_Black,Cases_Latinx,Cases_Asian,Cases_AIAN,Cases_NHPI,Cases_Multiracial,Cases_Other,Cases_Unknown,Cases_Ethnicity_Hispanic,Cases_Ethnicity_NonHispanic,Cases_Ethnicity_Unknown,Deaths_Total,Deaths_White,Deaths_Black,Deaths_Latinx,Deaths_Asian,Deaths_AIAN,Deaths_NHPI,Deaths_Multiracial,Deaths_Other,Deaths_Unknown,Deaths_Ethnicity_Hispanic,Deaths_Ethnicity_NonHispanic,Deaths_Ethnicity_Unknown,White_Cases_per,Black_Cases_per,Latinx_Cases_per,Asian_Cases_per,Native_Cases_per,Pacific_Islander_Cases_per,White_Deaths_per,Black_Deaths_per,Latinx_Deaths_per,Asian_Deaths_per,Native_Deaths_per,Pacific_Islander_Deaths_per,Total_Population,White,White_per,Black,Black_per,Native_American_or_Alaskan_Native,Native_American_or_Alaskan_Native_per,Asian,Asian_per,Pacific_Islander,Pacific_Islander_per,Other,Other_per,Mixed,Mixed_per,Latinx,Latinx_per
2021-03-07,AK,59332.0,18300.0,1499.0,,2447.0,12238.0,1508.0,4453.0,7130.0,11757.0,3197.0,29625.0,26510.0,305.0,127.0,9.0,,29.0,111.0,17.0,4.0,1.0,7.0,13.0,280.0,12.0,0.3084338973909526,0.0252646126879255,,0.0412424998314568,0.2062630620912829,0.0254163014899211,0.4163934426229508,0.0295081967213114,,0.0950819672131147,0.3639344262295082,0.0557377049180327,"733,391","421,758",0.5751,"20,731",0.0283,"108,838",0.1484,"43,449",0.0592,"12,455",0.017,"4,575",0.0062,"71,761",0.0978,"49,824",0.0679
2021-03-07,AL,499819.0,160347.0,82790.0,,2273.0,,,,38000.0,216409.0,12312.0,167064.0,320443.0,10148.0,4730.0,2223.0,,24.0,,,,300.0,2871.0,137.0,6083.0,3928.0,0.3208101332682431,0.1656399616661231,,0.0045476462479417,,,0.4661016949152542,0.2190579424517146,,0.0023649980291683,,,"5,024,279","3,171,351",0.6312,"1,288,159",0.2564,"23,119",0.0046,"75,918",0.0151,"2,612",0.0005,"14,455",0.0029,"184,618",0.0366999999999999,"264,047",0.0526
2021-03-07,AR,324818.0,207596.0,50842.0,,2913.0,1070.0,3358.0,1804.0,16491.0,40744.0,34332.0,290486.0,0.0,5319.0,4171.0,784.0,,36.0,18.0,56.0,13.0,203.0,38.0,186.0,5133.0,0.0,0.639114827380256,0.1565245768399534,,0.0089680990585497,0.0032941524176615,0.0103380970266426,0.7841699567587892,0.1473961270915585,,0.0067681895093062,0.0033840947546531,0.0105282947922541,"3,011,524","2,063,550",0.6851999999999999,"449,884",0.1494,"20,549",0.0068,"51,210",0.017,"14,280",0.0046999999999999,"8,047",0.0027,"147,157",0.0489,"256,847",0.0852999999999999
2021-03-07,AS,,,,,,,,,,,,,,,,,,,,,,,,,,,,,,,,,,,,,,,"49,710",374,0.0075,24,0.0005,13,0.0003,"2,878",0.0579,"44,090",0.8869,139,0.0028,"2,192",0.0441,406,0.0081999999999999
2021-03-07,AZ,826454.0,308453.0,25775.0,244539.0,11921.0,40707.0,,,46964.0,148095.0,244539.0,433820.0,148095.0,16328.0,8066.0,433.0,4684.0,220.0,1361.0,,,465.0,1099.0,4684.0,10545.0,1099.0,0.3732246440818242,0.0311874587091356,0.2958894263927575,0.0144242752772689,0.0492550099582069,,0.4939980401763841,0.0265188633023027,0.2868691817736403,0.0134737873591376,0.0833537481626653,,"7,151,502","3,816,547",0.5337,"317,161",0.0443,"263,930",0.0369,"248,837",0.0348,"14,323",0.002,"31,611",0.0044,"266,840",0.0373,"2,192,253",0.3065
2021-03-07,CA,3501394.0,546630.0,111279.0,1509103.0,186562.0,9025.0,15281.0,42824.0,304477.0,776213.0,1509103.0,1216078.0,776213.0,54124.0,16586.0,3275.0,24402.0,6105.0,184.0,322.0,693.0,1103.0,1454.0,24402.0,28268.0,1454.0,0.1561178205023485,0.0317813419455222,0.4310006243227697,0.053282207029543,0.0025775448292879,0.0043642617768808,0.3064444608676372,0.0605092010937846,0.4508535954474909,0.1127965412755893,0.0033996009164141,0.0059493016037247,"39,538,223","13,714,587",0.3469,"2,119,286",0.0536,"156,085",0.0039,"5,978,795",0.1512,"138,167",0.0034999999999999,"223,929",0.0056999999999999,"1,627,722",0.0412,"15,579,652",0.3939999999999999
2021-03-07,CO,435762.0,181669.0,12637.0,119224.0,6406.0,2527.0,1264.0,6580.0,3312.0,102143.0,119224.0,214395.0,102143.0,5986.0,3869.0,191.0,1204.0,115.0,37.0,9.0,186.0,38.0,337.0,1204.0,4445.0,337.0,0.4168995919791078,0.0289997751065948,0.2735988911378229,0.0147006852364364,0.0057990370890531,0.0029006659598588,0.6463414634146342,0.0319077848312729,0.2011359839625793,0.0192114934847978,0.0061810892081523,0.0015035081857667,"5,773,714","3,760,663",0.6513,"221,310",0.0383,"33,768",0.0058,"195,220",0.0338,"9,005",0.0016,"29,560",0.0051,"260,798",0.0452,"1,263,798",0.2188
2021-03-07,CT,285330.0,85469.0,19651.0,41523.0,3019.0,393.0,,17642.0,15284.0,102349.0,41523.0,141458.0,102349.0,7704.0,5413.0,906.0,782.0,83.0,3.0,,353.0,38.0,126.0,782.0,6796.0,126.0,0.2995443872007851,0.0688711316720989,0.1455262327830932,0.010580731083307,0.0013773525391651,,0.7026220145379024,0.117601246105919,0.1015057113187954,0.0107736240913811,0.0003894080996884,,"3,605,944","2,279,232",0.6321,"360,937",0.1001,"6,404",0.0018,"170,459",0.0473,974,0.0003,"27,076",0.0075,"137,569",0.0382,"623,293",0.1729
2021-03-07,DC,41419.0,10708.0,20164.0,,914.0,86.0,82.0,,9148.0,317.0,8455.0,30131.0,2833.0,1030.0,105.0,773.0,119.0,14.0,,,,0.0,19.0,119.0,892.0,19.0,0.2585286945604674,0.4868297158308988,,0.0220671672420869,0.0020763417755136,0.0019797677394432,0.1019417475728155,0.7504854368932039,0.1155339805825242,0.0135922330097087,,,"689,545","261,771",0.3796,"282,066",0.4090999999999999,"1,277",0.0019,"33,192",0.0481,349,0.0005,"3,753",0.0054,"29,485",0.0428,"77,652",0.1125999999999999
2021-03-07,DE,88354.0,42730.0,19768.0,14532.0,1842.0,,,,5190.0,4292.0,14532.0,69530.0,4292.0,1473.0,1036.0,329.0,80.0,11.0,,,,15.0,2.0,80.0,1391.0,2.0,0.4836226995948118,0.2237363333861511,0.164474726667723,0.0208479525544966,,,0.703326544467074,0.2233536999321113,0.0543109300746775,0.0074677528852681,,,"989,948","579,851",0.5857,"212,960",0.2151,"2,521",0.0025,"42,398",0.0428,304,0.0003,"4,601",0.0046,"43,023",0.0435,"104,290",0.1052999999999999
2021-03-07,FL,1944995.0,664121.0,237772.0,608165.0,,,,,141809.0,293128.0,608165.0,917573.0,419257.0,32266.0,17316.0,4812.0,7325.0,,,,,1427.0,1386.0,7325.0,22180.0,2761.0,0.341451263370857,0.1222481291725685,0.3126820377430276,,,,0.5366639806607575,0.1491353127130726,0.2270191532882911,,,,"21,538,187","11,100,503",0.5154,"3,127,052",0.1452,"42,169",0.002,"629,626",0.0292,"11,521",0.0005,"137,933",0.0064,"792,143",0.0368,"5,697,240",0.2645
2021-03-07,GA,1023487.0,319208.0,216068.0,85460.0,17888.0,504.0,746.0,,36133.0,347480.0,85460.0,501639.0,436388.0,17906.0,8939.0,5282.0,852.0,298.0,10.0,10.0,,78.0,2437.0,852.0,14534.0,2520.0,0.3118828084772938,0.2111096672454071,0.0834988622229691,0.0174775058207871,0.0004924341979917,0.0007288807771862,0.4992181391712275,0.2949849212554451,0.0475818161510108,0.0166424662124427,0.0005584720205517,0.0005584720205517,"10,711,908","5,362,156",0.5006,"3,278,119",0.306,"20,375",0.0019,"475,680",0.0444,"6,101",0.0006,"55,887",0.0052,"390,133",0.0364,"1,123,457",0.1049
2021-03-07,GU,7749.0,418.0,,,2276.0,,3993.0,,435.0,627.0,,,7748.0,133.0,3.0,,,33.0,,79.0,,4.0,14.0,,,133.0,0.0539424441863466,,,0.293715318105562,,0.5152922957801006,0.0225563909774436,,,0.2481203007518796,,0.5939849624060151,"153,836","10,491",0.0682,"1,340",0.0087,214,0.0014,"54,586",0.3547999999999999,"70,809",0.4603,955,0.0062,"15,441",0.1003999999999999,"4,522",0.0294
2021-03-07,HI,27891.0,3646.0,580.0,,6068.0,,8008.0,,1035.0,8554.0,,,27891.0,445.0,40.0,4.0,,244.0,,137.0,,6.0,14.0,,,445.0,0.1307231723495034,0.020795238607436,,0.2175612204653831,,0.28711770822129,0.0898876404494382,0.0089887640449438,,0.5483146067415731,,0.3078651685393258,"1,455,271","314,365",0.216,"21,877",0.015,"2,321",0.0016,"531,558",0.3653,"149,054",0.1024,"5,283",0.0036,"291,890",0.2006,"138,923",0.0955
2021-03-07,IA,339671.0,200406.0,10190.0,,3397.0,888.0,824.0,,2379.0,121587.0,20380.0,190216.0,129075.0,5558.0,5154.0,134.0,,61.0,19.0,16.0,,47.0,127.0,138.0,5420.0,0.0,0.5900003238427772,0.0299996172767177,,0.0100008537673219,0.0026142944201889,0.0024258768043194,0.9273119827275998,0.0241093918675782,,0.010975170924793,0.0034184958618207,0.0028787333573227,"3,190,369","2,638,201",0.8269,"129,321",0.0405,"9,079",0.0028,"75,017",0.0235,"5,605",0.0018,"8,487",0.0027,"108,673",0.0341,"215,986",0.0677
2021-03-07,ID,172931.0,99914.0,1008.0,,1219.0,2054.0,409.0,,13191.0,55136.0,17344.0,73958.0,81629.0,1879.0,1761.0,9.0,,17.0,35.0,,,41.0,16.0,186.0,1682.0,11.0,0.5777680115190452,0.0058289144225153,,0.0070490542470696,0.0118775696665143,0.0023651051575483,0.9372006386375732,0.0047897817988291,,0.0090473656200106,0.0186269292176689,,"1,839,106","1,450,523",0.7887000000000001,"14,785",0.008,"18,903",0.0103,"26,036",0.0141999999999999,"3,401",0.0018,"8,243",0.0045,"77,808",0.0423,"239,407",0.1301999999999999
2021-03-07,IL,1198335.0,470333.0,110701.0,219967.0,27074.0,1492.0,1125.0,,41054.0,326589.0,219967.0,651779.0,326589.0,23014.0,12202.0,3668.0,3291.0,737.0,26.0,20.0,,120.0,2950.0,3291.0,16773.0,2950.0,0.3924887448000768,0.0923790092086102,0.1835605235597725,0.0225930144742496,0.00124506085527,0.0009388025885916,0.5301990092986878,0.1593812461979664,0.1429999130963761,0.0320239854001911,0.0011297471104545,0.0008690362388111,"12,812,508","7,472,751",0.5832,"1,775,612",0.1386,"16,561",0.0013,"747,280",0.0583,"2,959",0.0002,"45,080",0.0034999999999999,"414,855",0.0324,"2,337,410",0.1823999999999999
2021-03-07,IN,667262.0,452265.0,44471.0,,8987.0,,,,72744.0,88795.0,38378.0,350560.0,278324.0,12737.0,9096.0,939.0,,70.0,,,,1591.0,1041.0,275.0,6823.0,5639.0,0.6777922315372372,0.0666469842430709,,0.01346847265392,,,0.7141399073565203,0.0737222265839679,,0.0054957996388474,,,"6,785,528","5,121,004",0.7547,"637,500",0.0939,"12,938",0.0019,"166,651",0.0246,"2,761",0.0004,"25,139",0.0037,"265,344",0.0391,"554,191",0.0817
2021-03-07,KS,295861.0,209752.0,14330.0,,5525.0,2074.0,,,12197.0,51983.0,39177.0,182461.0,74223.0,4812.0,3721.0,235.0,,64.0,38.0,,,245.0,509.0,310.0,3795.0,707.0,0.7089545428427538,0.0484349069326474,,0.0186743098955252,0.0070100486377048,,0.7732751454696591,0.048836242726517,,0.0133000831255195,0.0078969243557772,,"2,937,880","2,122,575",0.7225,"168,352",0.0556,"21,921",0.0075,"85,225",0.0289999999999999,"3,115",0.0011,"10,064",0.0034,"149,025",0.0507,"382,603",0.1301999999999999
2021-03-07,KY,410709.0,286431.0,26883.0,,3680.0,833.0,374.0,16253.0,,76255.0,17452.0,300330.0,92927.0,4819.0,3981.0,371.0,,23.0,4.0,2.0,118.0,,320.0,73.0,4219.0,527.0,0.6974061927057844,0.0654551032482852,,0.0089601153127883,0.0020282000150958,0.0009106204149409,0.8261050010375597,0.076986926748288,,0.0047727744345299,0.0008300477277443,0.0004150238638721,"4,505,836","3,664,764",0.8133,"357,764",0.0794,"8,080",0.0018,"73,843",0.0163999999999999,"3,462",0.0008,"14,706",0.0033,"175,363",0.0389,"207,854",0.0461
2021-03-07,LA,433785.0,218332.0,136460.0,,16684.0,1527.0,492.0,,34552.0,25738.0,,,433785.0,9748.0,5798.0,3723.0,,75.0,15.0,13.0,,39.0,85.0,238.0,8966.0,544.0,0.5033184642161439,0.3145798033588068,,0.0384614497965582,0.0035201770462325,0.0011342024274698,0.5947886745999179,0.3819244973327862,,0.007693885925318,0.0015387771850636,0.0013336068937217,"4,657,757","2,596,702",0.5575,"1,452,420",0.3118,"25,994",0.0056,"85,336",0.0183,"1,706",0.0004,"16,954",0.0036,"156,096",0.0335,"322,549",0.0692
2021-03-07,MA,591356.0,219467.0,35342.0,125873.0,16039.0,504.0,156.0,,47605.0,146370.0,125873.0,319113.0,146370.0,16417.0,12022.0,1069.0,1289.0,414.0,11.0,5.0,,1373.0,234.0,1289.0,14894.0,234.0,0.3711250076096294,0.0597643382328073,0.2128548623840799,0.0271224101894628,0.0008522784921434,0.0002638004856634,0.7322896997015289,0.0651154291283425,0.0785161722604617,0.0252177620758969,0.0006700371566059,0.0003045623439117,"7,029,917","4,748,897",0.6755,"457,055",0.065,"9,387",0.0013,"504,900",0.0718,"1,607",0.0002,"92,108",0.0131,"328,278",0.0467,"887,685",0.1263
2021-03-07,MD,387319.0,134697.0,112033.0,62261.0,8867.0,,,,18321.0,51140.0,62261.0,273918.0,51140.0,7955.0,4078.0,2736.0,727.0,277.0,,,,80.0,57.0,727.0,7171.0,57.0,0.3477676024155799,0.2892525282777246,0.1607486335552864,0.0228932740196065,,,0.5126335637963545,0.3439346323067253,0.0913890634820867,0.0348208673790069,,,"6,177,224","2,913,782",0.4717,"1,795,027",0.2905999999999999,"12,055",0.002,"417,962",0.0677,"2,575",0.0004,"35,314",0.0056999999999999,"270,764",0.0438,"729,745",0.1181
2021-03-07,ME,45794.0,36271.0,2252.0,,502.0,139.0,26.0,178.0,907.0,5519.0,695.0,31103.0,13996.0,706.0,602.0,10.0,,3.0,5.0,0.0,1.0,6.0,79.0,6.0,491.0,209.0,0.7920469930558588,0.0491767480455954,,0.0109621347774817,0.0030353321395816,0.0005677599685548,0.8526912181303116,0.0141643059490084,,0.0042492917847025,0.0070821529745042,0.0,"1,362,359","1,228,264",0.9016,"25,115",0.0184,"7,293",0.0054,"16,668",0.0121999999999999,407,0.0003,"4,430",0.0033,"53,573",0.0393,"26,609",0.0195
2021-03-07,MI,656072.0,378135.0,74321.0,,10362.0,3596.0,,25954.0,35465.0,128239.0,33855.0,421946.0,200271.0,16658.0,11205.0,3634.0,,179.0,79.0,,270.0,425.0,866.0,480.0,13206.0,2972.0,0.5763620456291383,0.1132817739516394,,0.0157939982197075,0.0054811057322976,,0.6726497778845,0.2181534397886901,,0.0107455877056069,0.0047424660823628,,"10,077,331","7,295,651",0.7240000000000001,"1,358,458",0.1348,"47,406",0.0046999999999999,"332,288",0.033,"2,603",0.0003,"37,183",0.0037,"439,320",0.0436,"564,422",0.0559999999999999
2021-03-07,MN,490011.0,327714.0,39044.0,43792.0,21470.0,4634.0,556.0,8424.0,6470.0,37907.0,43792.0,408312.0,37907.0,6550.0,5440.0,319.0,203.0,259.0,90.0,6.0,101.0,23.0,109.0,203.0,6238.0,109.0,0.6687890680005143,0.0796798439218711,0.0893694223190908,0.0438153429208732,0.0094569305587017,0.0011346684054031,0.8305343511450382,0.0487022900763358,0.0309923664122137,0.0395419847328244,0.0137404580152671,0.0009160305343511,"5,706,494","4,353,880",0.763,"392,850",0.0688,"57,046",0.01,"297,460",0.0521,"2,621",0.0005,"20,963",0.0037,"236,034",0.0414,"345,640",0.0605999999999999
2021-03-07,MO,480643.0,252254.0,42276.0,,4317.0,942.0,22.0,108.0,63952.0,116772.0,17167.0,259531.0,203945.0,8161.0,5162.0,1069.0,,67.0,12.0,1.0,0.0,1295.0,555.0,170.0,6395.0,1596.0,0.5248261183456329,0.0879571740356147,,0.008981718239941,0.0019598745846709,4.577201790102009e-05,0.6325205244455336,0.1309888494057101,,0.0082097782134542,0.0014704080382306,0.0001225340031858,"6,154,913","4,663,907",0.7578,"692,774",0.1125999999999999,"23,496",0.0038,"132,158",0.0215,"9,293",0.0015,"22,377",0.0036,"307,840",0.05,"303,068",0.0492
2021-03-07,MP,145.0,,,,,,,,,145.0,,,,2.0,,,,,,,,,2.0,,,,,,,,,,,,,,,,"47,329","1,015",0.0214,65,0.0014,12,0.0003,"22,054",0.466,"20,665",0.4366,65,0.0014,"3,453",0.073,554,0.0116999999999999
2021-03-07,MS,297581.0,140893.0,97848.0,6525.0,1415.0,2215.0,,,10036.0,38649.0,6525.0,202316.0,88740.0,6808.0,3670.0,2671.0,60.0,18.0,114.0,,,103.0,172.0,60.0,5599.0,1149.0,0.4734610072551675,0.32881131523854,0.0219268031225111,0.0047550078802074,0.0074433515580631,,0.5390716803760282,0.3923325499412456,0.008813160987074,0.0026439482961222,0.0167450058754406,,"2,961,279","1,639,077",0.5535,"1,079,001",0.3644,"14,019",0.0046999999999999,"32,305",0.0109,"1,037",0.0004,"7,174",0.0024,"83,446",0.0282,"105,220",0.0355
2021-03-07,MT,100914.0,63627.0,460.0,,342.0,8156.0,114.0,,6782.0,21433.0,2323.0,62230.0,36361.0,1381.0,856.0,1.0,,1.0,205.0,1.0,,121.0,196.0,25.0,905.0,451.0,0.6305071645163208,0.004558336801633,,0.0033890243177358,0.0808212933785203,0.0011296747725786,0.6198406951484432,0.000724112961622,,0.000724112961622,0.1484431571325126,0.000724112961622,"1,084,225","901,318",0.8312999999999999,"5,077",0.0046999999999999,"64,592",0.0596,"8,077",0.0074,839,0.0008,"4,374",0.004,"54,749",0.0504999999999999,"45,199",0.0417
2021-03-07,NC,872176.0,442322.0,146993.0,,13620.0,11199.0,,,98470.0,159572.0,118914.0,441831.0,311431.0,11502.0,7160.0,2662.0,,120.0,126.0,,,716.0,718.0,803.0,8916.0,1783.0,0.5071476399258865,0.1685359377006475,,0.0156161141787896,0.0128402982884188,,0.6225004347070074,0.2314380107807337,,0.010432968179447,0.0109546165884194,,"10,439,388","6,312,148",0.6046,"2,107,526",0.2019,"100,886",0.0097,"340,059",0.0326,"6,980",0.0007,"46,340",0.0044,"406,853",0.039,"1,118,596",0.1072
2021-03-07,ND,100391.0,55720.0,2881.0,,1317.0,4376.0,,1377.0,28.0,34692.0,,,100391.0,1478.0,,,,,,,,,1478.0,,,1478.0,0.5550298333515953,0.0286977916347082,,0.013118705860087,0.0435895648016256,,,,,,,,"779,094","636,160",0.8165,"26,152",0.0336,"37,350",0.0479,"13,050",0.0168,869,0.0011,"1,853",0.0024,"30,248",0.0388,"33,412",0.0429
2021-03-07,NE,201608.0,104512.0,5117.0,,2809.0,1257.0,224.0,,3861.0,83828.0,23560.0,82131.0,95917.0,2091.0,1360.0,58.0,,30.0,26.0,1.0,,26.0,590.0,161.0,1095.0,835.0,0.5183921272965358,0.0253809372643942,,0.0139329788500456,0.006234871632078,0.0011110670211499,0.6504065040650406,0.0277379244380679,,0.0143472022955523,0.0124342419894787,0.0004782400765184,"1,961,504","1,484,687",0.7569,"94,405",0.0481,"15,051",0.0077,"52,359",0.0266999999999999,"1,318",0.0007,"6,335",0.0032,"72,634",0.037,"234,715",0.1197
2021-03-07,NH,76861.0,39457.0,1025.0,4157.0,1036.0,87.0,0.0,394.0,2066.0,28639.0,4157.0,44065.0,28639.0,1184.0,1110.0,13.0,30.0,12.0,1.0,0.0,2.0,12.0,4.0,30.0,1150.0,4.0,0.5133552777091113,0.0133357619599016,0.0540846463095718,0.0134788774541054,0.0011319134541575,0.0,0.9375,0.0109797297297297,0.0253378378378378,0.0101351351351351,0.0008445945945945,0.0,"1,377,529","1,200,649",0.8715999999999999,"18,655",0.0135,"2,299",0.0017,"35,604",0.0258,388,0.0003,"5,916",0.0043,"54,564",0.0395999999999999,"59,454",0.0432
2021-03-07,NJ,812609.0,268537.0,69860.0,161066.0,30370.0,,,,107239.0,175537.0,161066.0,476006.0,175537.0,23574.0,12932.0,3743.0,4338.0,1178.0,,,,912.0,471.0,4338.0,18765.0,471.0,0.3304627440749487,0.0859700052546796,0.1982084864922736,0.0373734477467022,,,0.5485704589802325,0.1587766183083057,0.1840162891320946,0.049970306269619,,,"9,288,994","4,816,381",0.5185,"1,154,142",0.1242,"11,206",0.0012,"942,921",0.1015,"1,944",0.0002,"70,354",0.0076,"289,471",0.0312,"2,002,575",0.2155999999999999
2021-03-07,NM,186922.0,32321.0,2360.0,87747.0,1688.0,30459.0,288.0,,4912.0,27147.0,87747.0,72028.0,27147.0,3808.0,1097.0,49.0,1471.0,27.0,1064.0,,,,100.0,1471.0,2237.0,100.0,0.1729116957875477,0.0126255871433004,0.4694310996030429,0.0090305047024962,0.1629503215244861,0.0015407496174875,0.2880777310924369,0.0128676470588235,0.3862920168067227,0.0070903361344537,0.2794117647058823,,"2,117,522","772,952",0.365,"38,330",0.0181,"188,610",0.0891,"35,261",0.0167,"1,451",0.0007,"10,340",0.0049,"59,767",0.0282,"1,010,811",0.4774
2021-03-07,NV,296190.0,108109.0,22510.0,106628.0,24287.0,1480.0,,,33173.0,3.0,106628.0,189559.0,3.0,5037.0,2719.0,468.0,1203.0,594.0,45.0,,,5.0,3.0,1203.0,3831.0,3.0,0.3649988183260745,0.075998514467065,0.3599986495155137,0.0819980417974948,0.004996792599345,,0.5398054397458805,0.0929124478856462,0.2388326384752829,0.1179273377010125,0.0089338892197736,,"3,104,614","1,425,952",0.4593,"291,960",0.094,"23,392",0.0075,"265,991",0.0857,"22,970",0.0074,"17,171",0.0055,"166,921",0.0538,"890,257",0.2868
2021-03-07,NY,1681169.0,,,,,,,,,1681169.0,,,1681169.0,48591.0,17007.0,9812.0,9968.0,3011.0,,,,2834.0,5959.0,9968.0,32664.0,5959.0,,,,,,,0.3500030869914182,0.2019303986334918,0.2051408697083822,0.0619662077339425,,,"20,201,249","10,598,907",0.5246999999999999,"2,759,022",0.1366,"54,908",0.0027,"1,916,329",0.0949,"6,097",0.0003,"197,107",0.0098,"720,847",0.0356999999999999,"3,948,032",0.1954
2021-03-07,OH,978471.0,579544.0,101785.0,,13511.0,1055.0,693.0,23359.0,53199.0,205325.0,30674.0,618476.0,329321.0,17656.0,15026.0,2157.0,,139.0,16.0,3.0,26.0,129.0,160.0,302.0,17199.0,155.0,0.5922955304756093,0.1040245444167481,,0.0138082784262384,0.0010782128443254,0.0007082478683578,0.8510421386497508,0.1221681014952424,,0.007872677843226,0.0009062075215224,0.0001699139102854,"11,799,448","8,954,135",0.7589,"1,457,180",0.1235,"18,949",0.0016,"296,604",0.0250999999999999,"4,493",0.0004,"45,217",0.0038,"501,562",0.0425,"521,308",0.0441999999999999
2021-03-07,OK,428997.0,244180.0,23119.0,,7852.0,41839.0,,,14388.0,97619.0,42955.0,267383.0,118659.0,4534.0,3255.0,271.0,,57.0,399.0,,,119.0,433.0,232.0,3635.0,667.0,0.5691881295207193,0.0538908197493222,,0.0183031582971442,0.0975274885372158,,0.7179091310101455,0.0597706219673577,,0.0125716806352007,0.0880017644464049,,"3,959,353","2,407,188",0.608,"283,242",0.0715,"311,890",0.0788,"89,653",0.0226,"8,168",0.0021,"13,602",0.0034,"373,679",0.0944,"471,931",0.1192
2021-03-07,OR,157285.0,76447.0,3791.0,,4850.0,2769.0,1404.0,2534.0,36783.0,28707.0,40965.0,78492.0,37828.0,2296.0,1531.0,46.0,,58.0,41.0,20.0,47.0,183.0,370.0,211.0,1475.0,610.0,0.4860412626760339,0.024102743427536,,0.0308357440315351,0.0176049845821279,0.0089264710557268,0.6668118466898955,0.0200348432055749,,0.0252613240418118,0.0178571428571428,0.0087108013937282,"4,327,256","3,036,158",0.7165,"78,658",0.0186,"42,042",0.0098999999999999,"191,797",0.0453,"18,197",0.0043,"22,962",0.0054,"258,685",0.0611,"588,757",0.1389
2021-03-07,PA,948643.0,487131.0,81180.0,,16176.0,,,,12096.0,352060.0,59427.0,252700.0,636516.0,24349.0,19497.0,2829.0,,379.0,,,,1.0,1643.0,982.0,23280.0,87.0,0.5135029721402045,0.0855748685227214,,0.01705172546469,,,0.8007310361821841,0.1161854696291428,,0.0155653209577395,,,"13,002,700","9,553,417",0.7347,"1,368,978",0.1052999999999999,"15,028",0.0012,"506,674",0.039,"3,162",0.0002,"54,541",0.0042,"451,285",0.0347,"1,049,615",0.0807
2021-03-07,PR,101327.0,,,,,,,,,101327.0,,,,2059.0,,,,,,,,,2059.0,,,,,,,,,,,,,,,,"3,285,874","24,548",0.0075,"4,286",0.0013,312,0.0001,"2,746",0.0008,91,0.0,"2,508",0.0008,"2,340",0.0007,"3,249,043",0.9888
2021-03-07,RI,128121.0,59389.0,7780.0,31023.0,2342.0,309.0,0.0,1200.0,2332.0,23746.0,31023.0,73352.0,23746.0,2541.0,1816.0,104.0,207.0,37.0,1.0,0.0,1.0,1.0,374.0,207.0,1960.0,374.0,0.4635383738809406,0.0607238469883937,0.2421382911466504,0.0182795950702851,0.0024117826117498,0.0,0.7146792601338056,0.0409287682014954,0.0814639905548996,0.0145611963793781,0.0003935458480913,0.0,"1,097,379","754,050",0.6870999999999999,"55,386",0.0504999999999999,"3,513",0.0032,"38,367",0.035,320,0.0003,"11,392",0.0104,"52,250",0.0475999999999999,"182,101",0.1659
2021-03-07,SC,525865.0,238659.0,107296.0,,5178.0,,,,57311.0,117421.0,29233.0,307580.0,189052.0,8754.0,4727.0,2408.0,,54.0,,,,389.0,1176.0,211.0,6437.0,2106.0,0.4538408146577544,0.2040371578256777,,0.0098466336417141,,,0.5399817226410784,0.2750742517706191,,0.006168608636052,,,"5,118,425","3,178,552",0.621,"1,269,031",0.2478999999999999,"16,591",0.0032,"89,394",0.0175,"3,085",0.0006,"19,354",0.0038,"189,580",0.037,"352,838",0.0689
2021-03-07,SD,113589.0,84776.0,2519.0,4145.0,1468.0,13518.0,,,1662.0,5501.0,4145.0,103943.0,5501.0,1900.0,1499.0,7.0,23.0,16.0,265.0,,,14.0,76.0,23.0,1801.0,76.0,0.7463398744596748,0.0221764431415013,0.0364912095361346,0.0129237866342691,0.1190080025354567,,0.7889473684210526,0.0036842105263157,0.0121052631578947,0.0084210526315789,0.1394736842105263,,"886,667","705,583",0.7958,"17,441",0.0197,"74,595",0.0841,"13,332",0.015,493,0.0006,"2,050",0.0023,"34,432",0.0388,"38,741",0.0437
2021-03-07,TN,783484.0,489782.0,102220.0,,6937.0,1032.0,564.0,,61751.0,121198.0,48832.0,522046.0,212606.0,11547.0,8730.0,1994.0,,67.0,9.0,6.0,,385.0,356.0,303.0,10314.0,930.0,0.6251333786012222,0.1304685226501115,,0.0088540416907045,0.0013171934589602,0.0007198615415247,0.7560405300077943,0.1726855460292716,,0.0058023729107127,0.0007794232268121,0.0005196154845414,"6,910,246","4,900,246",0.7091,"1,083,772",0.1568,"15,539",0.0022,"134,302",0.0194,"3,594",0.0005,"23,977",0.0034999999999999,"270,223",0.0391,"479,187",0.0693
2021-03-07,TX,2686818.0,25581.0,12672.0,27728.0,933.0,,,,428.0,2619476.0,27728.0,39614.0,2619476.0,44451.0,18276.0,4252.0,20453.0,898.0,,,,231.0,341.0,20453.0,23657.0,341.0,0.009520927729381,0.0047163596492207,0.0103200142324489,0.0003472509116732,,,0.4111493554700681,0.0956558907561134,0.4601246316168365,0.0202020202020202,,,"29,145,505","11,584,597",0.3975,"3,444,712",0.1182,"85,425",0.0029,"1,561,518",0.0536,"27,857",0.001,"113,584",0.0039,"886,095",0.0304,"11,441,717",0.3926
2021-03-07,UT,374850.0,238411.0,5001.0,77215.0,7107.0,5016.0,8931.0,,26238.0,34321.0,77215.0,263314.0,34321.0,1976.0,1329.0,18.0,282.0,59.0,72.0,57.0,,119.0,119.0,282.0,1575.0,119.0,0.6360170734960651,0.0133413365346138,0.2059890622915833,0.0189595838335334,0.0133813525410164,0.0238255302120848,0.6725708502024291,0.0091093117408906,0.1427125506072874,0.0298582995951417,0.0364372469635627,0.0288461538461538,"3,271,616","2,465,355",0.7536,"37,192",0.0113999999999999,"28,690",0.0088,"78,618",0.024,"35,831",0.011,"12,566",0.0038,"120,452",0.0368,"492,912",0.1507
2021-03-07,VA,585700.0,235269.0,99166.0,76875.0,19984.0,756.0,,5823.0,15947.0,131880.0,76875.0,376945.0,131880.0,9596.0,6002.0,2262.0,640.0,337.0,24.0,,62.0,66.0,203.0,640.0,8753.0,203.0,0.4016885777701895,0.1693119344374253,0.1312532012975926,0.0341198565818678,0.001290763189346,,0.6254689453939142,0.2357232180075031,0.066694456023343,0.0351187994997915,0.0025010421008753,,"8,631,393","5,058,363",0.586,"1,578,090",0.1828,"19,080",0.0022,"610,612",0.0707,"6,195",0.0007,"45,394",0.0053,"404,910",0.0469,"908,749",0.1052999999999999
2021-03-07,VI,2714.0,,,,,,,,,2714.0,,,2714.0,25.0,,,,,,,,,25.0,,,25.0,,,,,,,,,,,,,"87,146","11,036",0.1266,"55,936",0.6419,,0.0,,0.0,,0.0,"1,750",0.0200999999999999,"2,349",0.027,"16,075",0.1845
2021-03-07,VT,16083.0,12735.0,613.0,,746.0,20.0,,,414.0,1555.0,368.0,13160.0,2555.0,208.0,185.0,2.0,,5.0,1.0,,,2.0,13.0,0.0,179.0,29.0,0.7918298824846111,0.0381147795809239,,0.0463843810234409,0.0012435490891002,,0.8894230769230769,0.0096153846153846,,0.0240384615384615,0.0048076923076923,,"643,077","573,201",0.8913,"8,649",0.0134,"1,986",0.0031,"11,457",0.0178,170,0.0003,"2,561",0.004,"29,549",0.0458999999999999,"15,504",0.0241
2021-03-07,WA,344532.0,96572.0,10932.0,62537.0,12525.0,3231.0,3691.0,5823.0,3133.0,146088.0,62537.0,135907.0,146088.0,5041.0,3571.0,161.0,596.0,383.0,107.0,81.0,59.0,71.0,12.0,596.0,4433.0,12.0,0.2802990723648311,0.0317299989551043,0.1815128928517525,0.0363536623593744,0.0093779387691128,0.0107130832549661,0.7083911922237651,0.0319381075183495,0.1182305098194802,0.0759769886927197,0.0212259472326919,0.0160682404284864,"7,705,281","4,918,820",0.6384000000000001,"296,170",0.0384,"91,191",0.0118,"723,062",0.0938,"62,490",0.0081,"43,221",0.0056,"511,114",0.0663,"1,059,213",0.1375
2021-03-07,WI,621654.0,481041.0,40549.0,,15553.0,7580.0,,,34002.0,42929.0,63651.0,470050.0,87953.0,7106.0,6144.0,478.0,,127.0,97.0,,,106.0,154.0,389.0,6404.0,313.0,0.7738082599002017,0.0652276024927049,,0.0250187403282211,0.0121932779327407,,0.8646214466647903,0.0672670982268505,,0.0178722206585983,0.0136504362510554,,"5,893,718","4,634,018",0.7863,"366,508",0.0622,"48,384",0.0081999999999999,"174,267",0.0296,"1,892",0.0003,"17,613",0.003,"203,746",0.0346,"447,290",0.0759
2021-03-07,WV,133445.0,111202.0,4623.0,,,,,,3092.0,14528.0,,,133445.0,2325.0,2049.0,57.0,,,,,,34.0,185.0,,,2325.0,0.8333170969313201,0.0346434860804076,,,,,0.8812903225806452,0.024516129032258,,,,,"1,793,716","1,598,834",0.8914,"64,749",0.0361,"3,187",0.0018,"14,903",0.0083,429,0.0002,"4,652",0.0026,"72,135",0.0401999999999999,"34,827",0.0194
2021-03-07,WY,54764.0,28117.0,425.0,4134.0,281.0,2250.0,134.0,,1726.0,21292.0,4134.0,32933.0,21292.0,682.0,606.0,2.0,58.0,6.0,51.0,1.0,,8.0,11.0,58.0,613.0,11.0,0.5134212256226718,0.0077605726389599,0.0754875465634358,0.0051311080271711,0.0410853845591994,0.0024468629026367,0.8885630498533724,0.002932551319648,0.0850439882697947,0.0087976539589442,0.0747800586510264,0.001466275659824,"576,851","469,664",0.8142,"4,735",0.0081999999999999,"11,781",0.0204,"5,037",0.0087,489,0.0008,"2,425",0.0042,"23,674",0.0409999999999999,"59,046",0.1024
